country,country_isocode,country_isonum,year,gavail,wait,dur1m,dur6m,dur1y,dur5y,wrr_w1_1m,wrr_w1_6m,wrr_w1_1y,wrr_w1_5y,wrr_w2_1m,wrr_w2_6m,wrr_w2_1y,wrr_w2_5y,wrr_w6_1m,wrr_w6_6m,wrr_w6_1y,wrr_w6_5y,qualy,source,selfempl,availa,paidleave,v_eligibility,v_dur,v_amount,v_generosity
1,AL,8,2010,2,2,3,3,3,3,4,4,4,4,4,4,4,4,3,3,3,3,4,3,1,2,4,1,1,.91666669,.97222227
1,AL,8,2011,2,2,3,3,3,3,4,4,4,4,4,4,4,4,3,3,3,3,4,3,1,2,4,1,1,.91666669,.97222227
1,AL,8,2012,2,2,3,3,3,3,4,4,4,4,4,4,4,4,3,3,3,3,4,3,1,2,4,1,1,.91666669,.97222227
1,AL,8,2013,2,2,3,3,3,3,4,4,4,4,4,4,4,4,3,3,3,3,4,3,1,2,4,1,1,.91666669,.97222227
1,AL,8,2014,2,2,3,3,3,3,4,4,4,4,4,4,4,4,3,3,3,3,4,3,1,2,4,1,1,.91666669,.97222227
1,AL,8,2015,2,2,3,3,3,3,4,4,4,4,4,4,4,4,3,3,3,3,4,3,1,2,4,1,1,.91666669,.97222227
1,AL,8,2016,2,2,3,3,3,3,4,4,4,4,4,4,4,4,3,3,3,3,4,3,1,2,4,1,1,.91666669,.97222227
1,AL,8,2017,2,2,3,3,3,3,4,4,4,4,4,4,4,4,3,3,3,3,4,3,1,2,4,1,1,.91666669,.97222227
1,AL,8,2018,2,2,3,3,3,3,4,4,4,4,4,4,4,4,3,3,3,3,4,3,1,2,4,1,1,.91666669,.97222227
1,AL,8,2019,2,2,3,3,3,3,4,4,4,4,4,4,4,4,3,3,3,3,4,3,1,2,4,1,1,.91666669,.97222227
1,AL,8,2020,2,2,3,3,3,3,4,4,4,4,4,4,4,4,3,3,3,3,4,3,1,2,4,1,1,.91666669,.97222227
1,AL,8,2021,2,2,3,3,3,3,4,4,4,4,4,4,4,4,3,3,3,3,4,3,1,2,4,1,1,.91666669,.97222227
1,AL,8,2022,2,2,3,3,3,3,4,4,4,4,4,4,4,4,3,3,3,3,4,3,1,2,4,1,1,.91666669,.97222227
2,AT,40,2010,2,2,3,3,3,3,4,4,4,4,4,4,4,4,4,4,4,4,4,1,1,2,4,1,1,1,1
2,AT,40,2011,2,2,3,3,3,3,4,4,4,4,4,4,4,4,4,4,4,4,4,1,1,2,4,1,1,1,1
2,AT,40,2012,2,2,3,3,3,3,4,4,4,4,4,4,4,4,4,4,4,4,4,1,1,2,4,1,1,1,1
2,AT,40,2013,2,2,3,3,3,3,4,4,4,4,4,4,4,4,4,4,4,4,4,1,1,2,4,1,1,1,1
2,AT,40,2014,2,2,3,3,3,3,4,4,4,4,4,4,4,4,4,4,4,4,4,1,1,2,4,1,1,1,1
2,AT,40,2015,2,2,3,3,3,3,4,4,4,4,4,4,4,4,4,4,4,4,4,1,1,2,4,1,1,1,1
2,AT,40,2016,2,2,3,3,3,3,4,4,4,4,4,4,4,4,4,4,4,4,4,1,1,2,4,1,1,1,1
2,AT,40,2017,2,2,3,3,3,3,4,4,4,4,4,4,4,4,4,4,4,4,4,1,1,2,4,1,1,1,1
2,AT,40,2018,2,2,3,3,3,3,4,4,4,4,4,4,4,4,4,4,4,4,4,1,1,2,4,1,1,1,1
2,AT,40,2019,2,2,3,3,3,3,4,4,4,4,4,4,4,4,4,4,4,4,4,1,1,2,4,1,1,1,1
2,AT,40,2020,2,2,3,3,3,3,4,4,4,4,4,4,4,4,4,4,4,4,4,1,1,2,4,1,1,1,1
2,AT,40,2021,2,2,3,3,3,3,4,4,4,4,4,4,4,4,4,4,4,4,4,1,1,2,4,1,1,1,1
2,AT,40,2022,2,2,3,3,3,3,4,4,4,4,4,4,4,4,4,4,4,4,4,1,1,2,4,1,1,1,1
3,BE,56,2010,2,1,3,3,3,3,4,4,4,4,3,3,3,3,3,3,3,3,3,3,1,1,4,.71428573,1,.83333331,.84920639
3,BE,56,2011,2,1,3,3,3,3,4,4,4,4,3,3,3,3,3,3,3,3,3,3,1,1,4,.71428573,1,.83333331,.84920639
3,BE,56,2012,2,1,3,3,3,3,4,4,4,4,3,3,3,3,3,3,3,3,3,3,1,1,4,.71428573,1,.83333331,.84920639
3,BE,56,2013,2,1,3,3,3,3,4,4,4,4,3,3,3,3,3,3,3,3,3,3,1,1,4,.71428573,1,.83333331,.84920639
3,BE,56,2014,2,1,3,3,3,3,4,4,4,4,3,3,3,3,3,3,3,3,3,3,1,1,4,.71428573,1,.83333331,.84920639
3,BE,56,2015,2,2,3,3,3,3,4,4,4,4,3,3,3,3,3,3,3,3,3,3,1,1,4,.85714287,1,.83333331,.89682537
3,BE,56,2016,2,2,3,3,3,3,4,4,4,4,3,3,3,3,3,3,3,3,3,3,1,1,4,.85714287,1,.83333331,.89682537
3,BE,56,2017,2,2,3,3,3,3,4,4,4,4,3,3,3,3,3,3,3,3,3,3,1,1,4,.85714287,1,.83333331,.89682537
3,BE,56,2018,2,2,3,3,3,3,4,4,4,4,3,3,3,3,3,3,3,3,3,3,1,1,4,.85714287,1,.83333331,.89682537
3,BE,56,2019,2,2,3,3,3,3,4,4,4,4,3,3,3,3,3,3,3,3,3,3,1,1,4,.85714287,1,.83333331,.89682537
3,BE,56,2020,2,2,3,3,3,3,4,4,4,4,3,3,3,3,3,3,3,3,3,3,1,1,4,.85714287,1,.83333331,.89682537
3,BE,56,2021,2,2,3,3,3,3,4,4,4,4,3,3,3,3,3,3,3,3,3,3,1,1,4,.85714287,1,.83333331,.89682537
3,BE,56,2022,2,2,3,3,3,3,4,4,4,4,3,3,3,3,3,3,3,3,3,3,1,1,4,.85714287,1,.83333331,.89682537
4,BG,100,2010,2,2,1,3,3,3,2,3,3,3,0,4,4,4,0,4,4,4,4,3,1,2,4,1,.875,.72916669,.86805558
4,BG,100,2011,2,2,1,3,3,3,2,3,3,3,0,4,4,4,0,4,4,4,4,3,1,2,4,1,.875,.72916669,.86805558
4,BG,100,2012,2,2,1,3,3,3,2,3,3,3,0,4,4,4,0,4,4,4,4,3,1,2,4,1,.875,.72916669,.86805558
4,BG,100,2013,2,2,1,3,3,3,2,3,3,3,0,4,4,4,0,4,4,4,4,3,1,2,4,1,.875,.72916669,.86805558
4,BG,100,2014,2,2,1,3,3,3,2,3,3,3,0,4,4,4,0,4,4,4,4,3,1,2,4,1,.875,.72916669,.86805558
4,BG,100,2015,2,2,1,3,3,3,2,3,3,3,0,4,4,4,0,4,4,4,4,3,1,2,4,1,.875,.72916669,.86805558
4,BG,100,2016,2,2,1,3,3,3,2,3,3,3,0,4,4,4,0,4,4,4,4,3,1,2,4,1,.875,.72916669,.86805558
4,BG,100,2017,2,2,1,3,3,3,2,3,3,3,0,4,4,4,0,4,4,4,4,3,1,2,4,1,.875,.72916669,.86805558
4,BG,100,2018,2,2,1,3,3,3,2,3,3,3,0,4,4,4,0,4,4,4,4,3,1,2,4,1,.875,.72916669,.86805558
4,BG,100,2019,2,2,1,3,3,3,2,3,3,3,0,4,4,4,0,4,4,4,4,3,1,2,4,1,.875,.72916669,.86805558
4,BG,100,2020,2,2,1,3,3,3,2,3,3,3,0,4,4,4,0,4,4,4,4,3,1,2,4,1,.875,.72916669,.86805558
4,BG,100,2021,2,2,1,3,3,3,2,3,3,3,0,4,4,4,0,4,4,4,4,3,1,2,4,1,.875,.72916669,.86805558
4,BG,100,2022,2,2,1,3,3,3,2,3,3,3,0,4,4,4,0,4,4,4,4,3,1,2,4,1,.875,.72916669,.86805558
5,HR,191,2010,2,2,3,3,3,3,3,3,3,3,3,3,3,3,3,3,3,3,4,1,1,1,4,1,1,.75,.91666669
5,HR,191,2011,2,2,3,3,3,3,3,3,3,3,3,3,3,3,3,3,3,3,4,1,1,1,4,1,1,.75,.91666669
5,HR,191,2012,2,2,3,3,3,3,3,3,3,3,3,3,3,3,3,3,3,3,4,1,1,1,4,1,1,.75,.91666669
5,HR,191,2013,2,2,3,3,3,3,3,3,3,3,3,3,3,3,3,3,3,3,4,1,1,1,4,1,1,.75,.91666669
5,HR,191,2014,2,2,3,3,3,3,3,3,3,3,3,3,3,3,3,3,3,3,4,1,1,1,4,1,1,.75,.91666669
5,HR,191,2015,2,2,3,3,3,3,3,3,3,3,3,3,3,3,3,3,3,3,4,1,1,1,4,1,1,.75,.91666669
5,HR,191,2016,2,2,3,3,3,3,3,3,3,3,3,3,3,3,3,3,3,3,4,1,1,1,4,1,1,.75,.91666669
5,HR,191,2017,2,2,3,3,3,3,3,3,3,3,3,3,3,3,3,3,3,3,4,1,1,1,4,1,1,.75,.91666669
5,HR,191,2018,2,2,3,3,3,3,3,3,3,3,3,3,3,3,3,3,3,3,4,1,1,1,4,1,1,.75,.91666669
5,HR,191,2019,2,2,3,3,3,3,3,3,3,3,3,3,3,3,3,3,3,3,4,1,1,1,4,1,1,.75,.91666669
5,HR,191,2020,2,2,3,3,3,3,3,3,3,3,3,3,3,3,3,3,3,3,4,1,1,1,4,1,1,.75,.91666669
5,HR,191,2021,2,2,3,3,3,3,3,3,3,3,3,3,3,3,3,3,3,3,4,1,1,1,4,1,1,.75,.91666669
5,HR,191,2022,2,2,3,3,3,3,3,3,3,3,3,3,3,3,3,3,3,3,4,1,1,1,4,1,1,.75,.91666669
6,CY,196,2010,2,1,0,3,3,3,0,2,2,2,0,3,3,3,0,3,3,3,3,2,1,1,4,.71428573,.8125,.5,.67559528
6,CY,196,2011,2,1,0,3,3,3,0,2,2,2,0,3,3,3,0,3,3,3,3,2,1,1,4,.71428573,.8125,.5,.67559528
6,CY,196,2012,2,1,0,3,3,3,0,2,2,2,0,3,3,3,0,3,3,3,3,2,1,1,4,.71428573,.8125,.5,.67559528
6,CY,196,2013,2,1,0,3,3,3,0,2,2,2,0,3,3,3,0,3,3,3,3,2,1,1,4,.71428573,.8125,.5,.67559528
6,CY,196,2014,2,1,0,3,3,3,0,2,2,2,0,3,3,3,0,3,3,3,3,2,1,1,4,.71428573,.8125,.5,.67559528
6,CY,196,2015,2,1,0,3,3,3,0,2,2,2,0,3,3,3,0,3,3,3,3,2,1,1,4,.71428573,.8125,.5,.67559528
6,CY,196,2016,2,1,0,3,3,3,0,2,2,2,0,3,3,3,0,3,3,3,3,2,1,1,4,.71428573,.8125,.5,.67559528
6,CY,196,2017,2,1,0,3,3,3,0,2,2,2,0,3,3,3,0,3,3,3,3,2,1,1,4,.71428573,.8125,.5,.67559528
6,CY,196,2018,2,1,0,3,3,3,0,2,2,2,0,3,3,3,0,3,3,3,3,2,1,1,4,.71428573,.8125,.5,.67559528
6,CY,196,2019,2,1,0,3,3,3,0,2,2,2,0,3,3,3,0,3,3,3,3,2,1,1,4,.71428573,.8125,.5,.67559528
6,CY,196,2020,2,1,0,3,3,3,0,2,2,2,0,3,3,3,0,3,3,3,3,2,1,1,4,.71428573,.8125,.5,.67559528
6,CY,196,2021,2,1,0,3,3,3,0,2,2,2,0,3,3,3,0,3,3,3,3,2,1,1,4,.71428573,.8125,.5,.67559528
6,CY,196,2022,2,1,0,3,3,3,0,2,2,2,0,3,3,3,0,3,3,3,3,2,1,1,4,.71428573,.8125,.5,.67559528
7,CZ,203,2010,2,1,3,3,3,3,2,2,2,2,3,3,3,3,3,3,3,3,4,3,1,1,4,.85714287,1,.66666669,.84126979
7,CZ,203,2011,2,1,3,3,3,3,2,2,2,2,3,3,3,3,3,3,3,3,4,3,1,1,4,.85714287,1,.66666669,.84126979
7,CZ,203,2012,2,1,3,3,3,3,2,2,2,2,3,3,3,3,3,3,3,3,4,3,1,1,4,.85714287,1,.66666669,.84126979
7,CZ,203,2013,2,1,3,3,3,3,2,2,2,2,3,3,3,3,3,3,3,3,4,3,1,1,4,.85714287,1,.66666669,.84126979
7,CZ,203,2014,2,1,3,3,3,3,2,2,2,2,3,3,3,3,3,3,3,3,4,3,1,1,4,.85714287,1,.66666669,.84126979
7,CZ,203,2015,2,1,3,3,3,3,2,2,2,2,3,3,3,3,3,3,3,3,4,3,1,1,4,.85714287,1,.66666669,.84126979
7,CZ,203,2016,2,1,3,3,3,3,2,2,2,2,3,3,3,3,3,3,3,3,4,3,1,1,4,.85714287,1,.66666669,.84126979
7,CZ,203,2017,2,1,3,3,3,3,2,2,2,2,3,3,3,3,3,3,3,3,4,3,1,1,4,.85714287,1,.66666669,.84126979
7,CZ,203,2018,2,1,3,3,3,3,2,2,2,2,3,3,3,3,3,3,3,3,4,3,1,1,4,.85714287,1,.66666669,.84126979
7,CZ,203,2019,2,2,3,3,3,3,3,3,3,3,3,3,3,3,3,3,3,3,4,3,1,1,4,1,1,.75,.91666669
7,CZ,203,2020,2,2,3,3,3,3,3,3,3,3,3,3,3,3,3,3,3,3,4,3,1,1,4,1,1,.75,.91666669
7,CZ,203,2021,2,2,3,3,3,3,3,3,3,3,3,3,3,3,3,3,3,3,4,3,1,1,4,1,1,.75,.91666669
7,CZ,203,2022,2,2,3,3,3,3,3,3,3,3,3,3,3,3,3,3,3,3,4,3,1,1,4,1,1,.75,.91666669
8,DK,208,2010,2,2,0,3,3,3,0,4,4,4,0,4,4,4,0,4,4,4,3,3,1,2,4,.85714287,.8125,.75,.80654764
8,DK,208,2011,2,2,0,3,3,3,0,4,4,4,0,4,4,4,0,4,4,4,3,3,1,2,4,.85714287,.8125,.75,.80654764
8,DK,208,2012,2,2,0,3,3,3,0,4,4,4,0,4,4,4,0,4,4,4,3,3,1,2,4,.85714287,.8125,.75,.80654764
8,DK,208,2013,2,2,0,3,3,3,0,4,4,4,0,4,4,4,0,4,4,4,3,3,1,2,4,.85714287,.8125,.75,.80654764
8,DK,208,2014,2,2,0,3,3,3,0,4,4,4,0,4,4,4,0,4,4,4,3,3,1,2,4,.85714287,.8125,.75,.80654764
8,DK,208,2015,2,2,0,3,3,3,0,4,4,4,0,4,4,4,0,4,4,4,3,3,1,2,4,.85714287,.8125,.75,.80654764
8,DK,208,2016,2,2,0,3,3,3,0,4,4,4,0,4,4,4,0,4,4,4,3,3,1,2,4,.85714287,.8125,.75,.80654764
8,DK,208,2017,2,2,0,3,3,3,0,4,4,4,0,4,4,4,0,4,4,4,3,3,1,2,4,.85714287,.8125,.75,.80654764
8,DK,208,2018,2,2,0,3,3,3,0,4,4,4,0,4,4,4,0,4,4,4,3,3,1,2,4,.85714287,.8125,.75,.80654764
8,DK,208,2019,2,2,0,3,3,3,0,4,4,4,0,4,4,4,0,4,4,4,3,3,1,2,4,.85714287,.8125,.75,.80654764
8,DK,208,2020,2,2,0,3,3,3,0,4,4,4,0,4,4,4,0,4,4,4,3,3,1,2,4,.85714287,.8125,.75,.80654764
8,DK,208,2021,2,2,0,3,3,3,0,4,4,4,0,4,4,4,0,4,4,4,3,3,1,2,4,.85714287,.8125,.75,.80654764
8,DK,208,2022,2,2,0,3,3,3,0,4,4,4,0,4,4,4,0,4,4,4,3,3,1,2,4,.85714287,.8125,.75,.80654764
9,EE,233,2010,2,1,3,3,3,3,2,2,2,2,3,3,3,3,3,3,3,3,3,3,1,1,4,.71428573,1,.66666669,.79365081
9,EE,233,2011,2,1,3,3,3,3,2,2,2,2,3,3,3,3,3,3,3,3,3,3,1,1,4,.71428573,1,.66666669,.79365081
9,EE,233,2012,2,1,3,3,3,3,2,2,2,2,3,3,3,3,3,3,3,3,3,3,1,1,4,.71428573,1,.66666669,.79365081
9,EE,233,2013,2,1,3,3,3,3,2,2,2,2,3,3,3,3,3,3,3,3,3,3,1,1,4,.71428573,1,.66666669,.79365081
9,EE,233,2014,2,1,3,3,3,3,2,2,2,2,3,3,3,3,3,3,3,3,3,3,1,1,4,.71428573,1,.66666669,.79365081
9,EE,233,2015,2,1,3,3,3,3,2,2,2,2,3,3,3,3,3,3,3,3,3,3,1,1,4,.71428573,1,.66666669,.79365081
9,EE,233,2016,2,1,3,3,3,3,2,2,2,2,3,3,3,3,3,3,3,3,3,3,1,1,4,.71428573,1,.66666669,.79365081
9,EE,233,2017,2,1,3,3,3,3,2,2,2,2,3,3,3,3,3,3,3,3,3,3,1,1,4,.71428573,1,.66666669,.79365081
9,EE,233,2018,2,1,3,3,3,3,2,2,2,2,3,3,3,3,3,3,3,3,3,3,1,1,4,.71428573,1,.66666669,.79365081
9,EE,233,2019,2,1,3,3,3,3,2,2,2,2,3,3,3,3,3,3,3,3,3,3,1,1,4,.71428573,1,.66666669,.79365081
9,EE,233,2020,2,1,3,3,3,3,2,2,2,2,3,3,3,3,3,3,3,3,3,3,1,1,4,.71428573,1,.66666669,.79365081
9,EE,233,2021,2,1,3,3,3,3,2,2,2,2,3,3,3,3,3,3,3,3,3,3,1,1,4,.71428573,1,.66666669,.79365081
9,EE,233,2022,2,1,3,3,3,3,2,2,2,2,3,3,3,3,3,3,3,3,3,3,1,1,4,.71428573,1,.66666669,.79365081
10,FI,246,2010,2,2,3,3,3,3,4,4,4,4,4,4,4,4,3,3,3,3,4,3,1,2,4,1,1,.91666669,.97222227
10,FI,246,2011,2,2,3,3,3,3,4,4,4,4,4,4,4,4,3,3,3,3,4,3,1,2,4,1,1,.91666669,.97222227
10,FI,246,2012,2,2,3,3,3,3,4,4,4,4,4,4,4,4,3,3,3,3,4,3,1,2,4,1,1,.91666669,.97222227
10,FI,246,2013,2,2,3,3,3,3,4,4,4,4,4,4,4,4,3,3,3,3,4,3,1,2,4,1,1,.91666669,.97222227
10,FI,246,2014,2,2,3,3,3,3,4,4,4,4,4,4,4,4,3,3,3,3,4,3,1,2,4,1,1,.91666669,.97222227
10,FI,246,2015,2,2,3,3,3,3,4,4,4,4,4,4,4,4,3,3,3,3,4,3,1,2,4,1,1,.91666669,.97222227
10,FI,246,2016,2,2,3,3,3,3,4,4,4,4,4,4,4,4,3,3,3,3,4,3,1,2,4,1,1,.91666669,.97222227
10,FI,246,2017,2,2,3,3,3,3,4,4,4,4,4,4,4,4,3,3,3,3,4,3,1,2,4,1,1,.91666669,.97222227
10,FI,246,2018,2,2,3,3,3,3,4,4,4,4,4,4,4,4,3,3,3,3,4,3,1,2,4,1,1,.91666669,.97222227
10,FI,246,2019,2,2,3,3,3,3,4,4,4,4,4,4,4,4,3,3,3,3,4,3,1,2,4,1,1,.91666669,.97222227
10,FI,246,2020,2,2,3,3,3,3,4,4,4,4,4,4,4,4,3,3,3,3,4,3,1,2,4,1,1,.91666669,.97222227
10,FI,246,2021,2,2,3,3,3,3,4,4,4,4,4,4,4,4,3,3,3,3,4,3,1,2,4,1,1,.91666669,.97222227
10,FI,246,2022,2,2,3,3,3,3,4,4,4,4,4,4,4,4,3,3,3,3,4,3,1,2,4,1,1,.91666669,.97222227
11,FR,250,2010,2,1,3,3,3,3,2,2,2,2,2,2,4,4,2,2,3,3,3,3,1,1,4,.71428573,1,.625,.77976197
11,FR,250,2011,2,1,3,3,3,3,2,2,2,2,2,2,4,4,2,2,3,3,3,3,1,1,4,.71428573,1,.625,.77976197
11,FR,250,2012,2,1,3,3,3,3,2,2,2,2,2,2,4,4,2,2,3,3,3,3,1,1,4,.71428573,1,.625,.77976197
11,FR,250,2013,2,1,3,3,3,3,2,2,2,2,2,2,4,4,2,2,3,3,3,3,1,1,4,.71428573,1,.625,.77976197
11,FR,250,2014,2,1,3,3,3,3,2,2,2,2,2,2,4,4,2,2,3,3,3,3,1,1,4,.71428573,1,.625,.77976197
11,FR,250,2015,2,1,3,3,3,3,2,2,2,2,2,2,4,4,2,2,3,3,3,3,1,1,4,.71428573,1,.625,.77976197
11,FR,250,2016,2,1,3,3,3,3,2,2,2,2,2,2,4,4,2,2,3,3,3,3,1,1,4,.71428573,1,.625,.77976197
11,FR,250,2017,2,1,3,3,3,3,2,2,2,2,2,2,4,4,2,2,3,3,3,3,1,1,4,.71428573,1,.625,.77976197
11,FR,250,2018,2,1,3,3,3,3,2,2,2,2,2,2,4,4,2,2,3,3,3,3,1,1,4,.71428573,1,.625,.77976197
11,FR,250,2019,2,1,3,3,3,3,2,2,2,2,2,2,4,4,2,2,3,3,3,3,1,1,4,.71428573,1,.625,.77976197
11,FR,250,2020,2,1,3,3,3,3,2,2,2,2,2,2,4,4,2,2,3,3,3,3,1,1,4,.71428573,1,.625,.77976197
11,FR,250,2021,2,1,3,3,3,3,2,2,2,2,2,2,4,4,2,2,3,3,3,3,1,1,4,.71428573,1,.625,.77976197
11,FR,250,2022,2,1,3,3,3,3,2,2,2,2,2,2,4,4,2,2,3,3,3,3,1,1,4,.71428573,1,.625,.77976197
12,DE,276,2010,2,2,3,3,3,3,4,4,4,4,4,4,4,4,4,4,4,4,4,1,1,2,4,1,1,1,1
12,DE,276,2011,2,2,3,3,3,3,4,4,4,4,4,4,4,4,4,4,4,4,4,1,1,2,4,1,1,1,1
12,DE,276,2012,2,2,3,3,3,3,4,4,4,4,4,4,4,4,4,4,4,4,4,1,1,2,4,1,1,1,1
12,DE,276,2013,2,2,3,3,3,3,4,4,4,4,4,4,4,4,4,4,4,4,4,1,1,2,4,1,1,1,1
12,DE,276,2014,2,2,3,3,3,3,4,4,4,4,4,4,4,4,4,4,4,4,4,1,1,2,4,1,1,1,1
12,DE,276,2015,2,2,3,3,3,3,4,4,4,4,4,4,4,4,4,4,4,4,4,1,1,2,4,1,1,1,1
12,DE,276,2016,2,2,3,3,3,3,4,4,4,4,4,4,4,4,4,4,4,4,4,1,1,2,4,1,1,1,1
12,DE,276,2017,2,2,3,3,3,3,4,4,4,4,4,4,4,4,4,4,4,4,4,1,1,2,4,1,1,1,1
12,DE,276,2018,2,2,3,3,3,3,4,4,4,4,4,4,4,4,4,4,4,4,4,1,1,2,4,1,1,1,1
12,DE,276,2019,2,2,3,3,3,3,4,4,4,4,4,4,4,4,4,4,4,4,4,1,1,2,4,1,1,1,1
12,DE,276,2020,2,2,3,3,3,3,4,4,4,4,4,4,4,4,4,4,4,4,4,1,1,2,4,1,1,1,1
12,DE,276,2021,2,2,3,3,3,3,4,4,4,4,4,4,4,4,4,4,4,4,4,1,1,2,4,1,1,1,1
12,DE,276,2022,2,2,3,3,3,3,4,4,4,4,4,4,4,4,4,4,4,4,4,1,1,2,4,1,1,1,1
13,HU,348,2010,2,2,3,3,3,3,3,3,3,3,3,3,3,3,2,2,2,3,4,3,1,1,4,1,1,.6875,.89583331
13,HU,348,2011,2,2,3,3,3,3,3,3,3,3,3,3,3,3,2,2,2,3,4,3,1,1,4,1,1,.6875,.89583331
13,HU,348,2012,2,2,3,3,3,3,3,3,3,3,3,3,3,3,2,2,2,3,4,3,1,1,4,1,1,.6875,.89583331
13,HU,348,2013,2,2,3,3,3,3,3,3,3,3,3,3,3,3,2,2,2,3,4,3,1,1,4,1,1,.6875,.89583331
13,HU,348,2014,2,2,3,3,3,3,3,3,3,3,3,3,3,3,2,2,2,3,4,3,1,1,4,1,1,.6875,.89583331
13,HU,348,2015,2,2,3,3,3,3,3,3,3,3,3,3,3,3,2,2,2,3,4,3,1,1,4,1,1,.6875,.89583331
13,HU,348,2016,2,2,3,3,3,3,3,3,3,3,3,3,3,3,2,2,2,3,4,3,1,1,4,1,1,.6875,.89583331
13,HU,348,2017,2,2,3,3,3,3,3,3,3,3,3,3,3,3,2,2,2,3,4,3,1,1,4,1,1,.6875,.89583331
13,HU,348,2018,2,2,3,3,3,3,3,3,3,3,3,3,3,3,2,2,2,3,4,3,1,1,4,1,1,.6875,.89583331
13,HU,348,2019,2,2,3,3,3,3,3,3,3,3,3,3,3,3,2,2,2,3,4,3,1,1,4,1,1,.6875,.89583331
13,HU,348,2020,2,2,3,3,3,3,3,3,3,3,3,3,3,3,2,2,2,3,3,3,1,1,4,.85714287,1,.6875,.84821433
13,HU,348,2021,2,2,3,3,3,3,3,3,3,3,3,3,3,3,2,2,2,3,4,3,1,1,4,1,1,.6875,.89583331
13,HU,348,2022,2,2,3,3,3,3,3,3,3,3,3,3,3,3,2,2,2,3,4,3,1,1,4,1,1,.6875,.89583331
14,IS,352,2010,2,2,3,3,3,3,2,4,4,4,0,4,4,4,1,1,1,4,4,3,1,2,4,1,1,.6875,.89583331
14,IS,352,2011,2,2,3,3,3,3,2,4,4,4,0,4,4,4,1,1,1,4,4,3,1,2,4,1,1,.6875,.89583331
14,IS,352,2012,2,2,3,3,3,3,2,4,4,4,0,4,4,4,1,1,1,4,4,3,1,2,4,1,1,.6875,.89583331
14,IS,352,2013,2,2,3,3,3,3,2,4,4,4,0,4,4,4,1,1,1,4,4,3,1,2,4,1,1,.6875,.89583331
14,IS,352,2014,2,2,3,3,3,3,2,4,4,4,0,4,4,4,1,1,1,4,4,3,1,2,4,1,1,.6875,.89583331
14,IS,352,2015,2,2,3,3,3,3,2,4,4,4,0,4,4,4,1,1,1,4,4,3,1,2,4,1,1,.6875,.89583331
14,IS,352,2016,2,2,3,3,3,3,2,4,4,4,0,4,4,4,1,1,1,4,4,3,1,2,4,1,1,.6875,.89583331
14,IS,352,2017,2,2,3,3,3,3,2,4,4,4,0,4,4,4,1,1,1,4,4,3,1,2,4,1,1,.6875,.89583331
14,IS,352,2018,2,2,3,3,3,3,2,4,4,4,0,4,4,4,1,1,1,4,4,3,1,2,4,1,1,.6875,.89583331
14,IS,352,2019,2,2,3,3,3,3,2,4,4,4,0,4,4,4,1,1,1,4,4,3,1,2,4,1,1,.6875,.89583331
14,IS,352,2020,2,2,3,3,3,3,2,4,4,4,0,4,4,4,1,1,1,4,4,3,1,2,4,1,1,.6875,.89583331
14,IS,352,2021,2,2,3,3,3,3,2,4,4,4,0,4,4,4,1,1,1,4,4,3,1,2,4,1,1,.6875,.89583331
14,IS,352,2022,2,2,3,3,3,3,2,4,4,4,0,4,4,4,1,1,1,4,4,3,1,2,4,1,1,.6875,.89583331
15,IE,372,2010,2,1,0,0,0,3,0,0,0,1,0,0,0,1,0,0,0,1,2,2,0,1,4,.42857143,.4375,.0625,.30952382
15,IE,372,2011,2,1,0,0,0,3,0,0,0,1,0,0,0,1,0,0,0,1,2,2,0,1,4,.42857143,.4375,.0625,.30952382
15,IE,372,2012,2,1,0,0,0,3,0,0,0,1,0,0,0,1,0,0,0,1,2,2,0,1,4,.42857143,.4375,.0625,.30952382
15,IE,372,2013,2,1,0,0,0,3,0,0,0,1,0,0,0,1,0,0,0,1,2,2,0,1,4,.42857143,.4375,.0625,.30952382
15,IE,372,2014,2,1,0,0,0,3,0,0,0,1,0,0,0,1,0,0,0,1,2,2,0,1,4,.42857143,.4375,.0625,.30952382
15,IE,372,2015,2,1,0,0,0,3,0,0,0,1,0,0,0,1,0,0,0,1,2,2,0,1,4,.42857143,.4375,.0625,.30952382
15,IE,372,2016,2,1,0,0,0,3,0,0,0,1,0,0,0,1,0,0,0,1,2,2,0,1,4,.42857143,.4375,.0625,.30952382
15,IE,372,2017,2,1,0,0,0,3,0,0,0,1,0,0,0,1,0,0,0,1,2,2,0,1,4,.42857143,.4375,.0625,.30952382
15,IE,372,2018,2,1,0,0,0,3,0,0,0,1,0,0,0,1,0,0,0,1,2,2,0,1,4,.42857143,.4375,.0625,.30952382
15,IE,372,2019,2,1,0,0,0,3,0,0,0,1,0,0,0,1,0,0,0,1,2,2,0,1,4,.42857143,.4375,.0625,.30952382
15,IE,372,2020,2,1,0,0,0,3,0,0,0,1,0,0,0,1,0,0,0,1,2,2,0,1,4,.42857143,.4375,.0625,.30952382
15,IE,372,2021,2,1,0,0,0,3,0,0,0,1,0,0,0,1,0,0,0,1,2,2,0,1,4,.42857143,.4375,.0625,.30952382
15,IE,372,2022,2,1,0,0,0,3,0,0,0,1,0,0,0,1,0,0,0,1,2,2,0,1,4,.42857143,.4375,.0625,.30952382
16,IT,380,2010,2,1,3,3,3,3,2,2,2,2,2,2,2,2,3,3,3,3,4,2,0,1,4,.71428573,1,.58333331,.76587301
16,IT,380,2011,2,1,3,3,3,3,2,2,2,2,2,2,2,2,3,3,3,3,4,2,0,1,4,.71428573,1,.58333331,.76587301
16,IT,380,2012,2,1,3,3,3,3,2,2,2,2,2,2,2,2,3,3,3,3,4,2,0,1,4,.71428573,1,.58333331,.76587301
16,IT,380,2013,2,1,3,3,3,3,2,2,2,2,2,2,2,2,3,3,3,3,4,2,0,1,4,.71428573,1,.58333331,.76587301
16,IT,380,2014,2,1,3,3,3,3,2,2,2,2,2,2,2,2,3,3,3,3,4,2,0,1,4,.71428573,1,.58333331,.76587301
16,IT,380,2015,2,1,3,3,3,3,2,2,2,2,2,2,2,2,3,3,3,3,4,2,0,1,4,.71428573,1,.58333331,.76587301
16,IT,380,2016,2,1,3,3,3,3,2,2,2,2,2,2,2,2,3,3,3,3,4,2,0,1,4,.71428573,1,.58333331,.76587301
16,IT,380,2017,2,1,3,3,3,3,2,2,2,2,2,2,2,2,3,3,3,3,4,2,0,1,4,.71428573,1,.58333331,.76587301
16,IT,380,2018,2,1,3,3,3,3,2,2,2,2,2,2,2,2,3,3,3,3,4,2,0,1,4,.71428573,1,.58333331,.76587301
16,IT,380,2019,2,1,3,3,3,3,2,2,2,2,2,2,2,2,3,3,3,3,4,2,1,1,4,.85714287,1,.58333331,.81349206
16,IT,380,2020,2,1,3,3,3,3,2,2,2,2,2,2,2,2,3,3,3,3,4,2,1,1,4,.85714287,1,.58333331,.81349206
16,IT,380,2021,2,1,3,3,3,3,2,2,2,2,2,2,2,2,3,3,3,3,4,2,1,1,4,.85714287,1,.58333331,.81349206
16,IT,380,2022,2,1,3,3,3,3,2,2,2,2,2,2,2,2,3,3,3,3,4,2,1,1,4,.85714287,1,.58333331,.81349206
17,LV,428,2010,2,1,3,3,3,3,3,3,3,3,4,4,4,4,4,4,4,4,4,3,1,1,4,.85714287,1,.91666669,.92460316
17,LV,428,2011,2,1,3,3,3,3,3,3,3,3,4,4,4,4,4,4,4,4,4,3,1,1,4,.85714287,1,.91666669,.92460316
17,LV,428,2012,2,1,3,3,3,3,3,3,3,3,4,4,4,4,4,4,4,4,4,3,1,1,4,.85714287,1,.91666669,.92460316
17,LV,428,2013,2,1,3,3,3,3,3,3,3,3,4,4,4,4,4,4,4,4,4,3,1,1,4,.85714287,1,.91666669,.92460316
17,LV,428,2014,2,1,3,3,3,3,3,3,3,3,4,4,4,4,4,4,4,4,4,3,1,1,4,.85714287,1,.91666669,.92460316
17,LV,428,2015,2,1,3,3,3,3,3,3,3,3,4,4,4,4,4,4,4,4,4,3,1,1,4,.85714287,1,.91666669,.92460316
17,LV,428,2016,2,1,3,3,3,3,3,3,3,3,4,4,4,4,4,4,4,4,4,3,1,1,4,.85714287,1,.91666669,.92460316
17,LV,428,2017,2,1,3,3,3,3,3,3,3,3,4,4,4,4,4,4,4,4,4,3,1,1,4,.85714287,1,.91666669,.92460316
17,LV,428,2018,2,1,3,3,3,3,3,3,3,3,4,4,4,4,4,4,4,4,4,3,1,1,4,.85714287,1,.91666669,.92460316
17,LV,428,2019,2,1,3,3,3,3,3,3,3,3,4,4,4,4,4,4,4,4,4,3,1,1,4,.85714287,1,.91666669,.92460316
17,LV,428,2020,2,1,3,3,3,3,3,3,3,3,4,4,4,4,4,4,4,4,4,3,1,1,4,.85714287,1,.91666669,.92460316
17,LV,428,2021,2,1,3,3,3,3,3,3,3,3,4,4,4,4,4,4,4,4,4,3,1,1,4,.85714287,1,.91666669,.92460316
17,LV,428,2022,2,1,3,3,3,3,3,3,3,3,4,4,4,4,4,4,4,4,4,3,1,1,4,.85714287,1,.91666669,.92460316
18,LT,440,2010,2,2,3,3,3,3,4,4,4,4,4,4,4,4,4,4,4,4,4,3,1,2,3,1,.9375,1,.97916669
18,LT,440,2011,2,2,3,3,3,3,4,4,4,4,4,4,4,4,4,4,4,4,4,3,1,2,3,1,.9375,1,.97916669
18,LT,440,2012,2,2,3,3,3,3,4,4,4,4,4,4,4,4,4,4,4,4,4,3,1,2,3,1,.9375,1,.97916669
18,LT,440,2013,2,2,3,3,3,3,4,4,4,4,4,4,4,4,4,4,4,4,4,3,1,2,3,1,.9375,1,.97916669
18,LT,440,2014,2,2,3,3,3,3,4,4,4,4,4,4,4,4,4,4,4,4,4,3,1,2,3,1,.9375,1,.97916669
18,LT,440,2015,2,2,3,3,3,3,4,4,4,4,4,4,4,4,4,4,4,4,4,3,1,2,3,1,.9375,1,.97916669
18,LT,440,2016,2,2,3,3,3,3,4,4,4,4,4,4,4,4,4,4,4,4,4,3,1,2,3,1,.9375,1,.97916669
18,LT,440,2017,2,2,3,3,3,3,4,4,4,4,4,4,4,4,4,4,4,4,4,3,1,2,3,1,.9375,1,.97916669
18,LT,440,2018,2,2,3,3,3,3,4,4,4,4,4,4,4,4,4,4,4,4,4,3,1,2,3,1,.9375,1,.97916669
18,LT,440,2019,2,2,3,3,3,3,3,3,3,3,3,3,3,3,3,3,3,3,4,3,1,1,3,1,.9375,.75,.89583331
18,LT,440,2020,2,2,3,3,3,3,3,3,3,3,3,3,3,3,3,3,3,3,4,3,1,1,3,1,.9375,.75,.89583331
18,LT,440,2021,2,2,3,3,3,3,3,3,3,3,3,3,3,3,3,3,3,3,4,3,1,1,3,1,.9375,.75,.89583331
18,LT,440,2022,2,2,3,3,3,3,3,3,3,3,3,3,3,3,3,3,3,3,4,3,1,1,3,1,.9375,.75,.89583331
19,LU,442,2010,2,2,3,3,3,3,4,4,4,4,4,4,4,4,4,4,4,4,4,1,1,2,4,1,1,1,1
19,LU,442,2011,2,2,3,3,3,3,4,4,4,4,4,4,4,4,4,4,4,4,4,1,1,2,4,1,1,1,1
19,LU,442,2012,2,2,3,3,3,3,4,4,4,4,4,4,4,4,4,4,4,4,4,1,1,2,4,1,1,1,1
19,LU,442,2013,2,2,3,3,3,3,4,4,4,4,4,4,4,4,4,4,4,4,4,1,1,2,4,1,1,1,1
19,LU,442,2014,2,2,3,3,3,3,4,4,4,4,4,4,4,4,4,4,4,4,4,1,1,2,4,1,1,1,1
19,LU,442,2015,2,2,3,3,3,3,4,4,4,4,4,4,4,4,4,4,4,4,4,1,1,2,4,1,1,1,1
19,LU,442,2016,2,2,3,3,3,3,4,4,4,4,4,4,4,4,4,4,4,4,4,1,1,2,4,1,1,1,1
19,LU,442,2017,2,2,3,3,3,3,4,4,4,4,4,4,4,4,4,4,4,4,4,1,1,2,4,1,1,1,1
19,LU,442,2018,2,2,3,3,3,3,4,4,4,4,4,4,4,4,4,4,4,4,4,1,1,2,4,1,1,1,1
19,LU,442,2019,2,2,3,3,3,3,4,4,4,4,4,4,4,4,4,4,4,4,4,1,1,2,4,1,1,1,1
19,LU,442,2020,2,2,3,3,3,3,4,4,4,4,4,4,4,4,4,4,4,4,4,1,1,2,4,1,1,1,1
19,LU,442,2021,2,2,3,3,3,3,4,4,4,4,4,4,4,4,4,4,4,4,4,1,1,2,4,1,1,1,1
19,LU,442,2022,2,2,3,3,3,3,4,4,4,4,4,4,4,4,4,4,4,4,4,1,1,2,4,1,1,1,1
20,MT,470,2010,2,2,3,3,3,3,4,4,4,4,4,4,4,4,1,1,1,1,4,3,1,2,4,1,1,.75,.91666669
20,MT,470,2011,2,2,3,3,3,3,4,4,4,4,4,4,4,4,1,1,1,1,4,3,1,2,4,1,1,.75,.91666669
20,MT,470,2012,2,2,3,3,3,3,4,4,4,4,4,4,4,4,1,1,1,1,4,3,1,2,4,1,1,.75,.91666669
20,MT,470,2013,2,2,3,3,3,3,4,4,4,4,4,4,4,4,1,1,1,1,4,3,1,2,4,1,1,.75,.91666669
20,MT,470,2014,2,2,3,3,3,3,4,4,4,4,4,4,4,4,1,1,1,1,4,3,1,2,4,1,1,.75,.91666669
20,MT,470,2015,2,2,3,3,3,3,4,4,4,4,4,4,4,4,1,1,1,1,4,3,1,2,4,1,1,.75,.91666669
20,MT,470,2016,2,2,3,3,3,3,4,4,4,4,4,4,4,4,1,1,1,1,4,3,1,2,4,1,1,.75,.91666669
20,MT,470,2017,2,2,3,3,3,3,4,4,4,4,4,4,4,4,1,1,1,1,4,3,1,2,4,1,1,.75,.91666669
20,MT,470,2018,2,2,3,3,3,3,4,4,4,4,4,4,4,4,1,1,1,1,4,3,1,2,4,1,1,.75,.91666669
20,MT,470,2019,2,2,3,3,3,3,4,4,4,4,4,4,4,4,1,1,1,1,4,3,1,2,4,1,1,.75,.91666669
20,MT,470,2020,2,2,3,3,3,3,4,4,4,4,4,4,4,4,1,1,1,1,4,3,1,2,4,1,1,.75,.91666669
20,MT,470,2021,2,2,3,3,3,3,4,4,4,4,4,4,4,4,1,1,1,1,4,3,1,2,4,1,1,.75,.91666669
20,MT,470,2022,2,2,3,3,3,3,4,4,4,4,4,4,4,4,1,1,1,1,4,3,1,2,4,1,1,.75,.91666669
21,ME,499,2010,2,2,3,3,3,3,3,3,3,3,3,3,3,3,3,3,3,3,4,1,1,1,4,1,1,.75,.91666669
21,ME,499,2011,2,2,3,3,3,3,3,3,3,3,3,3,3,3,3,3,3,3,4,1,1,1,4,1,1,.75,.91666669
21,ME,499,2012,2,2,3,3,3,3,3,3,3,3,3,3,3,3,3,3,3,3,4,1,1,1,4,1,1,.75,.91666669
21,ME,499,2013,2,2,3,3,3,3,3,3,3,3,3,3,3,3,3,3,3,3,4,1,1,1,4,1,1,.75,.91666669
21,ME,499,2014,2,2,3,3,3,3,3,3,3,3,3,3,3,3,3,3,3,3,4,1,1,1,4,1,1,.75,.91666669
21,ME,499,2015,2,2,3,3,3,3,3,3,3,3,3,3,3,3,3,3,3,3,4,1,1,1,4,1,1,.75,.91666669
21,ME,499,2016,2,2,3,3,3,3,3,3,3,3,3,3,3,3,3,3,3,3,4,1,1,1,4,1,1,.75,.91666669
21,ME,499,2017,2,2,3,3,3,3,3,3,3,3,3,3,3,3,3,3,3,3,4,1,1,1,4,1,1,.75,.91666669
21,ME,499,2018,2,2,3,3,3,3,3,3,3,3,3,3,3,3,3,3,3,3,4,1,1,1,4,1,1,.75,.91666669
21,ME,499,2019,2,2,3,3,3,3,3,3,3,3,3,3,3,3,3,3,3,3,4,1,1,1,4,1,1,.75,.91666669
21,ME,499,2020,2,2,3,3,3,3,3,3,3,3,3,3,3,3,3,3,3,3,4,1,1,1,4,1,1,.75,.91666669
21,ME,499,2021,2,2,3,3,3,3,3,3,3,3,3,3,3,3,3,3,3,3,4,1,1,1,4,1,1,.75,.91666669
21,ME,499,2022,2,2,3,3,3,3,3,3,3,3,3,3,3,3,3,3,3,3,4,1,1,1,4,1,1,.75,.91666669
22,NL,528,2010,2,2,3,3,3,3,3,3,3,3,3,3,3,3,3,3,3,3,4,1,.a,1,4,.85714287,1,.75,.86904764
22,NL,528,2011,2,2,3,3,3,3,3,3,3,3,3,3,3,3,3,3,3,3,4,1,.a,1,4,.85714287,1,.75,.86904764
22,NL,528,2012,2,2,3,3,3,3,3,3,3,3,3,3,3,3,3,3,3,3,4,1,.a,1,4,.85714287,1,.75,.86904764
22,NL,528,2013,2,2,3,3,3,3,3,3,3,3,3,3,3,3,3,3,3,3,4,1,.a,1,4,.85714287,1,.75,.86904764
22,NL,528,2014,2,2,3,3,3,3,3,3,3,3,3,3,3,3,3,3,3,3,4,1,.a,1,4,.85714287,1,.75,.86904764
22,NL,528,2015,2,2,3,3,3,3,3,3,3,3,3,3,3,3,3,3,3,3,4,1,.a,1,4,.85714287,1,.75,.86904764
22,NL,528,2016,2,2,3,3,3,3,3,3,3,3,3,3,3,3,3,3,3,3,4,1,.a,1,4,.85714287,1,.75,.86904764
22,NL,528,2017,2,2,3,3,3,3,3,3,3,3,3,3,3,3,3,3,3,3,4,1,.a,1,4,.85714287,1,.75,.86904764
22,NL,528,2018,2,2,3,3,3,3,3,3,3,3,3,3,3,3,3,3,3,3,4,1,.a,1,4,.85714287,1,.75,.86904764
22,NL,528,2019,2,2,3,3,3,3,3,3,3,3,3,3,3,3,3,3,3,3,4,1,.a,1,4,.85714287,1,.75,.86904764
22,NL,528,2020,2,2,3,3,3,3,3,3,3,3,3,3,3,3,3,3,3,3,4,1,.a,1,4,.85714287,1,.75,.86904764
22,NL,528,2021,2,2,3,3,3,3,3,3,3,3,3,3,3,3,3,3,3,3,4,1,.a,1,4,.85714287,1,.75,.86904764
22,NL,528,2022,2,2,3,3,3,3,3,3,3,3,3,3,3,3,3,3,3,3,4,1,.a,1,4,.85714287,1,.75,.86904764
23,MK,807,2010,2,2,2,3,3,3,4,4,4,4,4,4,4,4,0,3,3,3,4,3,1,2,4,1,.9375,.85416669,.93055558
23,MK,807,2011,2,2,2,3,3,3,4,4,4,4,4,4,4,4,0,3,3,3,4,3,1,2,4,1,.9375,.85416669,.93055558
23,MK,807,2012,2,2,3,3,3,3,4,4,4,4,4,4,4,4,4,4,4,4,4,1,1,2,4,1,1,1,1
23,MK,807,2013,2,2,3,3,3,3,4,4,4,4,4,4,4,4,4,4,4,4,4,1,1,2,4,1,1,1,1
23,MK,807,2014,2,2,3,3,3,3,4,4,4,4,4,4,4,4,4,4,4,4,4,1,1,2,4,1,1,1,1
23,MK,807,2015,2,2,3,3,3,3,4,4,4,4,4,4,4,4,4,4,4,4,4,1,1,2,4,1,1,1,1
23,MK,807,2016,2,2,3,3,3,3,4,4,4,4,4,4,4,4,4,4,4,4,4,1,1,2,4,1,1,1,1
23,MK,807,2017,2,2,3,3,3,3,4,4,4,4,4,4,4,4,4,4,4,4,4,1,1,2,4,1,1,1,1
23,MK,807,2018,2,2,3,3,3,3,4,4,4,4,4,4,4,4,4,4,4,4,4,1,1,2,4,1,1,1,1
23,MK,807,2019,2,2,3,3,3,3,4,4,4,4,4,4,4,4,4,4,4,4,4,1,1,2,4,1,1,1,1
23,MK,807,2020,2,2,3,3,3,3,4,4,4,4,4,4,4,4,4,4,4,4,4,1,1,2,4,1,1,1,1
23,MK,807,2021,2,2,3,3,3,3,4,4,4,4,4,4,4,4,4,4,4,4,4,1,1,2,4,1,1,1,1
23,MK,807,2022,2,2,3,3,3,3,4,4,4,4,4,4,4,4,4,4,4,4,4,1,1,2,4,1,1,1,1
24,NO,578,2010,2,2,3,3,3,3,4,4,4,4,4,4,4,4,4,4,4,4,3,3,1,2,4,.85714287,1,1,.95238096
24,NO,578,2011,2,2,3,3,3,3,4,4,4,4,4,4,4,4,4,4,4,4,3,3,1,2,4,.85714287,1,1,.95238096
24,NO,578,2012,2,2,3,3,3,3,4,4,4,4,4,4,4,4,4,4,4,4,3,3,1,2,4,.85714287,1,1,.95238096
24,NO,578,2013,2,2,3,3,3,3,4,4,4,4,4,4,4,4,4,4,4,4,3,3,1,2,4,.85714287,1,1,.95238096
24,NO,578,2014,2,2,3,3,3,3,4,4,4,4,4,4,4,4,4,4,4,4,3,3,1,2,4,.85714287,1,1,.95238096
24,NO,578,2015,2,2,3,3,3,3,4,4,4,4,4,4,4,4,4,4,4,4,3,3,1,2,4,.85714287,1,1,.95238096
24,NO,578,2016,2,2,3,3,3,3,4,4,4,4,4,4,4,4,4,4,4,4,3,3,1,2,4,.85714287,1,1,.95238096
24,NO,578,2017,2,2,3,3,3,3,4,4,4,4,4,4,4,4,4,4,4,4,3,3,1,2,4,.85714287,1,1,.95238096
24,NO,578,2018,2,2,3,3,3,3,4,4,4,4,4,4,4,4,4,4,4,4,3,3,1,2,4,.85714287,1,1,.95238096
24,NO,578,2019,2,2,3,3,3,3,4,4,4,4,4,4,4,4,4,4,4,4,3,3,1,2,4,.85714287,1,1,.95238096
24,NO,578,2020,2,2,3,3,3,3,4,4,4,4,4,4,4,4,4,4,4,4,3,3,1,2,4,.85714287,1,1,.95238096
24,NO,578,2021,2,2,3,3,3,3,4,4,4,4,4,4,4,4,4,4,4,4,3,3,1,2,4,.85714287,1,1,.95238096
24,NO,578,2022,2,2,3,3,3,3,4,4,4,4,4,4,4,4,4,4,4,4,3,3,1,2,4,.85714287,1,1,.95238096
25,PL,616,2010,2,2,3,3,3,3,4,4,4,4,4,4,4,4,4,4,4,4,4,3,1,2,4,1,1,1,1
25,PL,616,2011,2,2,3,3,3,3,4,4,4,4,4,4,4,4,4,4,4,4,4,3,1,2,4,1,1,1,1
25,PL,616,2012,2,2,3,3,3,3,4,4,4,4,4,4,4,4,4,4,4,4,4,3,1,2,4,1,1,1,1
25,PL,616,2013,2,2,3,3,3,3,4,4,4,4,4,4,4,4,4,4,4,4,4,3,1,2,4,1,1,1,1
25,PL,616,2014,2,2,3,3,3,3,4,4,4,4,4,4,4,4,4,4,4,4,4,3,1,2,4,1,1,1,1
25,PL,616,2015,2,2,3,3,3,3,4,4,4,4,4,4,4,4,4,4,4,4,4,3,1,2,4,1,1,1,1
25,PL,616,2016,2,2,3,3,3,3,4,4,4,4,4,4,4,4,4,4,4,4,4,3,1,2,4,1,1,1,1
25,PL,616,2017,2,2,3,3,3,3,4,4,4,4,4,4,4,4,4,4,4,4,4,3,1,2,4,1,1,1,1
25,PL,616,2018,2,2,3,3,3,3,4,4,4,4,4,4,4,4,4,4,4,4,4,3,1,2,4,1,1,1,1
25,PL,616,2019,2,2,3,3,3,3,4,4,4,4,4,4,4,4,4,4,4,4,4,3,1,2,4,1,1,1,1
25,PL,616,2020,2,2,3,3,3,3,4,4,4,4,4,4,4,4,4,4,4,4,4,3,1,2,4,1,1,1,1
25,PL,616,2021,2,2,3,3,3,3,4,4,4,4,4,4,4,4,4,4,4,4,4,3,1,2,4,1,1,1,1
25,PL,616,2022,2,2,3,3,3,3,4,4,4,4,4,4,4,4,4,4,4,4,4,3,1,2,4,1,1,1,1
26,PT,620,2010,2,1,3,3,3,3,3,3,3,3,3,3,3,3,3,3,3,3,3,2,1,1,4,.71428573,1,.75,.8214286
26,PT,620,2011,2,1,3,3,3,3,3,3,3,3,3,3,3,3,3,3,3,3,3,2,1,1,4,.71428573,1,.75,.8214286
26,PT,620,2012,2,1,3,3,3,3,2,2,2,2,2,2,2,2,3,3,3,3,3,2,1,1,4,.71428573,1,.58333331,.76587301
26,PT,620,2013,2,1,3,3,3,3,2,2,2,2,2,2,2,2,3,3,3,3,3,2,1,1,4,.71428573,1,.58333331,.76587301
26,PT,620,2014,2,1,3,3,3,3,2,2,2,2,2,2,2,2,3,3,3,3,3,2,1,1,4,.71428573,1,.58333331,.76587301
26,PT,620,2015,2,1,3,3,3,3,2,2,2,2,2,2,2,2,3,3,3,3,3,2,1,1,4,.71428573,1,.58333331,.76587301
26,PT,620,2016,2,1,3,3,3,3,2,2,2,2,2,2,2,2,3,3,3,3,3,2,1,1,4,.71428573,1,.58333331,.76587301
26,PT,620,2017,2,1,3,3,3,3,2,2,2,2,2,2,2,2,3,3,3,3,3,2,1,1,4,.71428573,1,.58333331,.76587301
26,PT,620,2018,2,1,3,3,3,3,2,2,2,2,2,2,2,2,3,3,3,3,3,2,1,1,4,.71428573,1,.58333331,.76587301
26,PT,620,2019,2,1,3,3,3,3,2,2,2,2,2,2,2,2,3,3,3,3,3,2,1,1,4,.71428573,1,.58333331,.76587301
26,PT,620,2020,2,1,3,3,3,3,2,2,2,2,2,2,2,2,3,3,3,3,3,2,1,1,4,.71428573,1,.58333331,.76587301
26,PT,620,2021,2,1,3,3,3,3,2,2,2,2,2,2,2,2,3,3,3,3,3,2,1,1,4,.71428573,1,.58333331,.76587301
26,PT,620,2022,2,1,3,3,3,3,2,2,2,2,2,2,2,2,3,3,3,3,3,2,1,1,4,.71428573,1,.58333331,.76587301
27,RO,642,2010,2,2,1,3,3,3,3,3,3,3,0,3,3,3,0,3,3,3,4,3,1,1,4,1,.875,.625,.83333331
27,RO,642,2011,2,2,1,3,3,3,3,3,3,3,0,3,3,3,0,3,3,3,4,3,1,1,4,1,.875,.625,.83333331
27,RO,642,2012,2,2,1,3,3,3,3,3,3,3,0,3,3,3,0,3,3,3,4,3,1,1,4,1,.875,.625,.83333331
27,RO,642,2013,2,2,1,3,3,3,3,3,3,3,0,3,3,3,0,3,3,3,4,3,1,1,4,1,.875,.625,.83333331
27,RO,642,2014,2,2,1,3,3,3,3,3,3,3,0,3,3,3,0,3,3,3,4,3,1,1,4,1,.875,.625,.83333331
27,RO,642,2015,2,2,1,3,3,3,3,3,3,3,0,3,3,3,0,3,3,3,4,3,1,1,4,1,.875,.625,.83333331
27,RO,642,2016,2,2,1,3,3,3,3,3,3,3,0,3,3,3,0,3,3,3,4,3,1,1,4,1,.875,.625,.83333331
27,RO,642,2017,2,2,1,3,3,3,3,3,3,3,0,3,3,3,0,3,3,3,4,3,1,1,4,1,.875,.625,.83333331
27,RO,642,2018,2,2,1,3,3,3,3,3,3,3,0,3,3,3,0,3,3,3,4,3,1,1,4,1,.875,.625,.83333331
27,RO,642,2019,2,2,1,3,3,3,3,3,3,3,0,3,3,3,0,3,3,3,4,3,1,1,4,1,.875,.625,.83333331
27,RO,642,2020,2,2,1,3,3,3,3,3,3,3,0,3,3,3,0,3,3,3,4,3,1,1,4,1,.875,.625,.83333331
27,RO,642,2021,2,2,1,3,3,3,3,3,3,3,0,3,3,3,0,3,3,3,4,3,1,1,4,1,.875,.625,.83333331
27,RO,642,2022,2,2,1,3,3,3,3,3,3,3,0,3,3,3,0,3,3,3,4,3,1,1,4,1,.875,.625,.83333331
28,RS,643,2010,2,2,3,3,3,3,3,3,3,3,3,3,3,3,3,3,3,3,4,1,1,1,4,1,1,.75,.91666669
28,RS,643,2011,2,2,3,3,3,3,3,3,3,3,3,3,3,3,3,3,3,3,4,1,1,1,4,1,1,.75,.91666669
28,RS,643,2012,2,2,3,3,3,3,3,3,3,3,3,3,3,3,3,3,3,3,4,1,1,1,4,1,1,.75,.91666669
28,RS,643,2013,2,2,3,3,3,3,3,3,3,3,3,3,3,3,3,3,3,3,4,1,1,1,4,1,1,.75,.91666669
28,RS,643,2014,2,2,3,3,3,3,3,3,3,3,3,3,3,3,3,3,3,3,4,1,1,1,4,1,1,.75,.91666669
28,RS,643,2015,2,2,3,3,3,3,3,3,3,3,3,3,3,3,3,3,3,3,4,1,1,1,4,1,1,.75,.91666669
28,RS,643,2016,2,2,3,3,3,3,3,3,3,3,3,3,3,3,3,3,3,3,4,1,1,1,4,1,1,.75,.91666669
28,RS,643,2017,2,2,3,3,3,3,3,3,3,3,3,3,3,3,3,3,3,3,4,1,1,1,4,1,1,.75,.91666669
28,RS,643,2018,2,2,3,3,3,3,3,3,3,3,3,3,3,3,3,3,3,3,4,1,1,1,4,1,1,.75,.91666669
28,RS,643,2019,2,2,3,3,3,3,3,3,3,3,3,3,3,3,3,3,3,3,4,1,1,1,4,1,1,.75,.91666669
28,RS,643,2020,2,2,3,3,3,3,3,3,3,3,3,3,3,3,3,3,3,3,4,1,1,1,4,1,1,.75,.91666669
28,RS,643,2021,2,2,3,3,3,3,3,3,3,3,3,3,3,3,3,3,3,3,4,1,1,1,4,1,1,.75,.91666669
28,RS,643,2022,2,2,3,3,3,3,3,3,3,3,3,3,3,3,3,3,3,3,4,1,1,1,4,1,1,.75,.91666669
29,SK,703,2010,2,2,3,3,3,3,2,2,2,2,2,2,2,2,2,2,2,2,4,3,1,1,4,1,1,.5,.83333331
29,SK,703,2011,2,2,3,3,3,3,2,2,2,2,2,2,2,2,2,2,2,2,4,3,1,1,4,1,1,.5,.83333331
29,SK,703,2012,2,2,3,3,3,3,2,2,2,2,2,2,2,2,2,2,2,2,4,3,1,1,4,1,1,.5,.83333331
29,SK,703,2013,2,2,3,3,3,3,2,2,2,2,2,2,2,2,2,2,2,2,4,3,1,1,4,1,1,.5,.83333331
29,SK,703,2014,2,2,3,3,3,3,2,2,2,2,2,2,2,2,2,2,2,2,4,3,1,1,4,1,1,.5,.83333331
29,SK,703,2015,2,2,3,3,3,3,2,2,2,2,2,2,2,2,2,2,2,2,4,3,1,1,4,1,1,.5,.83333331
29,SK,703,2016,2,2,3,3,3,3,2,2,2,2,2,2,2,2,2,2,2,2,4,3,1,1,4,1,1,.5,.83333331
29,SK,703,2017,2,2,3,3,3,3,2,2,2,2,2,2,2,2,2,2,2,2,4,3,1,1,4,1,1,.5,.83333331
29,SK,703,2018,2,2,3,3,3,3,2,2,2,2,2,2,2,2,2,2,2,2,4,3,1,1,4,1,1,.5,.83333331
29,SK,703,2019,2,2,3,3,3,3,2,2,2,2,2,2,2,2,2,2,2,2,4,3,1,1,4,1,1,.5,.83333331
29,SK,703,2020,2,2,3,3,3,3,2,2,2,2,2,2,2,2,2,2,2,2,4,3,1,1,4,1,1,.5,.83333331
29,SK,703,2021,2,2,3,3,3,3,2,2,2,2,2,2,2,2,2,2,2,2,4,3,1,1,4,1,1,.5,.83333331
29,SK,703,2022,2,2,3,3,3,3,2,2,2,2,2,2,2,2,2,2,2,2,4,3,1,1,4,1,1,.5,.83333331
30,SI,705,2010,2,2,3,3,3,3,4,4,4,4,4,4,4,4,4,4,4,4,4,1,1,2,4,1,1,1,1
30,SI,705,2011,2,2,3,3,3,3,4,4,4,4,4,4,4,4,4,4,4,4,4,1,1,2,4,1,1,1,1
30,SI,705,2012,2,2,3,3,3,3,4,4,4,4,4,4,4,4,4,4,4,4,4,1,1,2,4,1,1,1,1
30,SI,705,2013,2,2,3,3,3,3,4,4,4,4,4,4,4,4,4,4,4,4,4,1,1,2,4,1,1,1,1
30,SI,705,2014,2,2,3,3,3,3,4,4,4,4,4,4,4,4,4,4,4,4,4,1,1,2,4,1,1,1,1
30,SI,705,2015,2,2,3,3,3,3,4,4,4,4,4,4,4,4,4,4,4,4,4,1,1,2,4,1,1,1,1
30,SI,705,2016,2,2,3,3,3,3,4,4,4,4,4,4,4,4,4,4,4,4,4,1,1,2,4,1,1,1,1
30,SI,705,2017,2,2,3,3,3,3,4,4,4,4,4,4,4,4,4,4,4,4,4,1,1,2,4,1,1,1,1
30,SI,705,2018,2,2,3,3,3,3,4,4,4,4,4,4,4,4,4,4,4,4,4,1,1,2,4,1,1,1,1
30,SI,705,2019,2,2,3,3,3,3,4,4,4,4,4,4,4,4,4,4,4,4,4,1,1,2,4,1,1,1,1
30,SI,705,2020,2,2,3,3,3,3,4,4,4,4,4,4,4,4,4,4,4,4,4,1,1,2,4,1,1,1,1
30,SI,705,2021,2,2,3,3,3,3,4,4,4,4,4,4,4,4,4,4,4,4,4,1,1,2,4,1,1,1,1
30,SI,705,2022,2,2,3,3,3,3,4,4,4,4,4,4,4,4,4,4,4,4,4,1,1,2,4,1,1,1,1
31,ES,724,2010,2,1,3,3,3,3,2,2,2,2,3,3,3,3,3,3,3,3,4,3,1,1,4,.85714287,1,.66666669,.84126979
31,ES,724,2011,2,1,3,3,3,3,2,2,2,2,3,3,3,3,3,3,3,3,4,3,1,1,4,.85714287,1,.66666669,.84126979
31,ES,724,2012,2,1,3,3,3,3,2,2,2,2,3,3,3,3,3,3,3,3,4,3,1,1,4,.85714287,1,.66666669,.84126979
31,ES,724,2013,2,1,3,3,3,3,2,2,2,2,3,3,3,3,3,3,3,3,4,3,1,1,4,.85714287,1,.66666669,.84126979
31,ES,724,2014,2,1,3,3,3,3,2,2,2,2,3,3,3,3,3,3,3,3,4,3,1,1,4,.85714287,1,.66666669,.84126979
31,ES,724,2015,2,1,3,3,3,3,2,2,2,2,3,3,3,3,3,3,3,3,4,3,1,1,4,.85714287,1,.66666669,.84126979
31,ES,724,2016,2,1,3,3,3,3,2,2,2,2,3,3,3,3,3,3,3,3,4,3,1,1,4,.85714287,1,.66666669,.84126979
31,ES,724,2017,2,1,3,3,3,3,2,2,2,2,3,3,3,3,3,3,3,3,4,3,1,1,4,.85714287,1,.66666669,.84126979
31,ES,724,2018,2,1,3,3,3,3,2,2,2,2,3,3,3,3,3,3,3,3,4,3,1,1,4,.85714287,1,.66666669,.84126979
31,ES,724,2019,2,1,3,3,3,3,2,2,2,2,3,3,3,3,3,3,3,3,4,3,1,1,4,.85714287,1,.66666669,.84126979
31,ES,724,2020,2,1,3,3,3,3,2,2,2,2,3,3,3,3,3,3,3,3,4,3,1,1,4,.85714287,1,.66666669,.84126979
31,ES,724,2021,2,1,3,3,3,3,2,2,2,2,3,3,3,3,3,3,3,3,4,3,1,1,4,.85714287,1,.66666669,.84126979
31,ES,724,2022,2,1,3,3,3,3,2,2,2,2,3,3,3,3,3,3,3,3,4,3,1,1,4,.85714287,1,.66666669,.84126979
32,SE,752,2010,2,1,3,3,3,3,3,3,3,3,4,4,4,4,4,4,4,4,4,3,1,1,4,.85714287,1,.91666669,.92460316
32,SE,752,2011,2,1,3,3,3,3,3,3,3,3,4,4,4,4,4,4,4,4,4,3,1,1,4,.85714287,1,.91666669,.92460316
32,SE,752,2012,2,1,3,3,3,3,3,3,3,3,4,4,4,4,4,4,4,4,4,3,1,1,4,.85714287,1,.91666669,.92460316
32,SE,752,2013,2,1,3,3,3,3,3,3,3,3,4,4,4,4,4,4,4,4,4,3,1,1,4,.85714287,1,.91666669,.92460316
32,SE,752,2014,2,1,3,3,3,3,3,3,3,3,4,4,4,4,4,4,4,4,4,3,1,1,4,.85714287,1,.91666669,.92460316
32,SE,752,2015,2,1,3,3,3,3,3,3,3,3,4,4,4,4,4,4,4,4,4,3,1,1,4,.85714287,1,.91666669,.92460316
32,SE,752,2016,2,1,3,3,3,3,3,3,3,3,4,4,4,4,4,4,4,4,4,3,1,1,4,.85714287,1,.91666669,.92460316
32,SE,752,2017,2,1,3,3,3,3,3,3,3,3,4,4,4,4,4,4,4,4,4,3,1,1,4,.85714287,1,.91666669,.92460316
32,SE,752,2018,2,1,3,3,3,3,3,3,3,3,4,4,4,4,4,4,4,4,4,3,1,1,4,.85714287,1,.91666669,.92460316
32,SE,752,2019,2,1,3,3,3,3,3,3,3,3,4,4,4,4,4,4,4,4,3,3,1,1,4,.71428573,1,.91666669,.87698412
32,SE,752,2020,2,2,3,3,3,3,3,3,3,3,4,4,4,4,4,4,4,4,3,3,1,2,4,.85714287,1,.91666669,.92460316
32,SE,752,2021,2,2,3,3,3,3,3,3,3,3,4,4,4,4,4,4,4,4,3,3,1,2,4,.85714287,1,.91666669,.92460316
32,SE,752,2022,2,2,3,3,3,3,3,3,3,3,4,4,4,4,4,4,4,4,3,3,1,2,4,.85714287,1,.91666669,.92460316
33,CH,756,2010,2,2,0,2,2,2,0,4,4,4,0,4,4,4,0,0,0,0,3,1,0,2,1,.71428573,.4375,.5,.55059522
33,CH,756,2011,2,2,0,2,2,2,0,4,4,4,0,4,4,4,0,0,0,0,3,1,0,2,1,.71428573,.4375,.5,.55059522
33,CH,756,2012,2,2,0,2,2,2,0,4,4,4,0,4,4,4,0,0,0,0,3,1,0,2,1,.71428573,.4375,.5,.55059522
33,CH,756,2013,2,2,0,2,2,2,0,4,4,4,0,4,4,4,0,0,0,0,3,1,0,2,1,.71428573,.4375,.5,.55059522
33,CH,756,2014,2,2,0,2,2,2,0,4,4,4,0,4,4,4,0,0,0,0,3,1,0,2,1,.71428573,.4375,.5,.55059522
33,CH,756,2015,2,2,0,2,2,2,0,4,4,4,0,4,4,4,0,0,0,0,3,1,0,2,1,.71428573,.4375,.5,.55059522
33,CH,756,2016,2,2,0,2,2,2,0,4,4,4,0,4,4,4,0,0,0,0,3,1,0,2,1,.71428573,.4375,.5,.55059522
33,CH,756,2017,2,2,0,2,2,2,0,4,4,4,0,4,4,4,0,0,0,0,3,1,0,2,1,.71428573,.4375,.5,.55059522
33,CH,756,2018,2,2,0,2,2,2,0,4,4,4,0,4,4,4,0,0,0,0,3,1,0,2,1,.71428573,.4375,.5,.55059522
33,CH,756,2019,2,2,0,2,2,2,0,4,4,4,0,4,4,4,0,0,0,0,3,1,0,2,1,.71428573,.4375,.5,.55059522
33,CH,756,2020,2,2,0,2,2,2,0,4,4,4,0,4,4,4,0,0,0,0,3,1,0,2,1,.71428573,.4375,.5,.55059522
33,CH,756,2021,2,2,0,2,2,2,0,4,4,4,0,4,4,4,0,0,0,0,3,1,0,2,1,.71428573,.4375,.5,.55059522
33,CH,756,2022,2,2,0,2,2,2,0,4,4,4,0,4,4,4,0,0,0,0,3,1,0,2,1,.71428573,.4375,.5,.55059522
34,TR,792,2010,2,1,0,3,3,3,0,2,2,2,0,3,3,3,0,3,3,3,4,2,1,1,4,.85714287,.8125,.5,.72321433
34,TR,792,2011,2,1,0,3,3,3,0,2,2,2,0,3,3,3,0,3,3,3,4,2,1,1,4,.85714287,.8125,.5,.72321433
34,TR,792,2012,2,1,0,3,3,3,0,2,2,2,0,3,3,3,0,3,3,3,4,2,1,1,4,.85714287,.8125,.5,.72321433
34,TR,792,2013,2,1,0,3,3,3,0,2,2,2,0,3,3,3,0,3,3,3,4,2,1,1,4,.85714287,.8125,.5,.72321433
34,TR,792,2014,2,1,0,3,3,3,0,2,2,2,0,3,3,3,0,3,3,3,4,2,1,1,4,.85714287,.8125,.5,.72321433
34,TR,792,2015,2,1,0,3,3,3,0,2,2,2,0,3,3,3,0,3,3,3,4,2,1,1,4,.85714287,.8125,.5,.72321433
34,TR,792,2016,2,1,0,3,3,3,0,2,2,2,0,3,3,3,0,3,3,3,4,2,1,1,4,.85714287,.8125,.5,.72321433
34,TR,792,2017,2,1,0,3,3,3,0,2,2,2,0,3,3,3,0,3,3,3,4,2,1,1,4,.85714287,.8125,.5,.72321433
34,TR,792,2018,2,1,0,3,3,3,0,2,2,2,0,3,3,3,0,3,3,3,4,2,1,1,4,.85714287,.8125,.5,.72321433
34,TR,792,2019,2,1,0,3,3,3,0,2,2,2,0,3,3,3,0,3,3,3,4,2,1,1,4,.85714287,.8125,.5,.72321433
34,TR,792,2020,2,1,0,3,3,3,0,2,2,2,0,3,3,3,0,3,3,3,4,2,1,1,4,.85714287,.8125,.5,.72321433
34,TR,792,2021,2,1,0,3,3,3,0,2,2,2,0,3,3,3,0,3,3,3,4,2,1,1,4,.85714287,.8125,.5,.72321433
34,TR,792,2022,2,1,0,3,3,3,0,2,2,2,0,3,3,3,0,3,3,3,4,2,1,1,4,.85714287,.8125,.5,.72321433
35,GB,826,2010,2,1,3,3,3,3,1,1,1,1,1,1,1,1,1,1,1,1,3,1,1,1,4,.71428573,1,.25,.65476191
35,GB,826,2011,2,1,3,3,3,3,1,1,1,1,1,1,1,1,1,1,1,1,3,1,1,1,4,.71428573,1,.25,.65476191
35,GB,826,2012,2,1,3,3,3,3,1,1,1,1,1,1,1,1,1,1,1,1,3,1,1,1,4,.71428573,1,.25,.65476191
35,GB,826,2013,2,1,3,3,3,3,1,1,1,1,1,1,1,1,1,1,1,1,3,1,1,1,4,.71428573,1,.25,.65476191
35,GB,826,2014,2,1,3,3,3,3,1,1,1,1,1,1,1,1,1,1,1,1,3,1,1,1,4,.71428573,1,.25,.65476191
35,GB,826,2015,2,1,3,3,3,3,1,1,1,1,1,1,1,1,1,1,1,1,3,1,1,1,4,.71428573,1,.25,.65476191
35,GB,826,2016,2,1,3,3,3,3,1,1,1,1,1,1,1,1,1,1,1,1,3,1,1,1,4,.71428573,1,.25,.65476191
35,GB,826,2017,2,1,3,3,3,3,1,1,1,1,1,1,1,1,1,1,1,1,3,1,1,1,4,.71428573,1,.25,.65476191
35,GB,826,2018,2,1,3,3,3,3,1,1,1,1,1,1,1,1,1,1,1,1,3,1,1,1,4,.71428573,1,.25,.65476191
35,GB,826,2019,2,1,3,3,3,3,1,1,1,1,1,1,1,1,1,1,1,1,3,1,1,1,4,.71428573,1,.25,.65476191
35,GB,826,2020,2,1,3,3,3,3,1,1,1,1,1,1,1,1,1,1,1,1,3,1,1,1,4,.71428573,1,.25,.65476191
35,GB,826,2021,2,1,3,3,3,3,1,1,1,1,1,1,1,1,1,1,1,1,3,1,1,1,4,.71428573,1,.25,.65476191
35,GB,826,2022,2,1,3,3,3,3,1,1,1,1,1,1,1,1,1,1,1,1,3,1,1,1,4,.71428573,1,.25,.65476191
